AccountID,Pricing_Plan_Id__c,Plan name,Start_Date,End_date,,,,,,,,,,,,
001NS00001c9KiiYAE,a0ANS000004TxAU2A0,Commercial,18/01/2024,,,,,,,,,,,,,
001NS00001c9KijYAE,a0ANS000004TxAU2A0,Commercial,4/10/2024,,,,,,,,,,,,,
001NS00001c9KikYAE,a0ANS000004TxAU2A0,Commercial,19/05/2024,,,,,,,,,,,,,
001NS00001c9KilYAE,a0ANS000004TxAU2A0,Commercial,9/11/2024,,,,,,,,,,,,,
001NS00001c9KimYAE,a0ANS000004TxAU2A0,Commercial,1/09/2024,,,,,,,,,,,,,
001NS00001c9KinYAE,a0ANS000004TxAU2A0,Commercial,19/02/2024,,,,,,,,,,,,,
001NS00001c9KioYAE,a0ANS000004TxAU2A0,Commercial,4/01/2024,,,,,,,,,,,,,
001NS00001c9KipYAE,a0ANS000004TxAU2A0,Commercial,18/02/2024,,,,,,,,,,,,,
001NS00001c9KiqYAE,a0ANS000004TxAU2A0,Commercial,22/04/2024,,,,,,,,,,,,,
001NS00001c9KirYAE,a0ANS000004TxAU2A0,Commercial,9/11/2024,,,,,,,,,,,,,
001NS00001c9KisYAE,a0ANS000004TxAU2A0,Commercial,18/08/2024,,,,,,,,,,,,,
001NS00001c9KitYAE,a0ANS000004TxAU2A0,Commercial,12/03/2024,,,,,,,,,,,,,
001NS00001c9KiuYAE,a0ANS000004TxAU2A0,Commercial,19/10/2024,,,,,,,,,,,,,
001NS00001c9KivYAE,a0ANS000004TxAU2A0,Commercial,10/12/2024,,,,,,,,,,,,,
001NS00001c9KiwYAE,a0ANS000004TxAU2A0,Commercial,10/01/2024,,,,,,,,,,,,,
001NS00001c9KixYAE,a0ANS000004TxAU2A0,Commercial,14/04/2024,,,,,,,,,,,,,
001NS00001c9KiyYAE,a0ANS000004TxAU2A0,Commercial,12/06/2024,,,,,,,,,,,,,
001NS00001c9KizYAE,a0ANS000004TxAU2A0,Commercial,19/02/2024,,,,,,,,,,,,,
001NS00001c9Kj0YAE,a0ANS000004TxAU2A0,Commercial,9/03/2024,,,,,,,,,,,,,
001NS00001c9Kj1YAE,a0ANS000004TxAU2A0,Commercial,4/04/2024,,,,,,,,,,,,,
001NS00001c9Kj2YAE,a0ANS000004TxAU2A0,Commercial,24/08/2024,,,,,,,,,,,,,
001NS00001c9Kj3YAE,a0ANS000004TxAU2A0,Commercial,5/02/2024,,,,,,,,,,,,,
001NS00001c9Kj4YAE,a0ANS000004TxAU2A0,Commercial,5/09/2024,,,,,,,,,,,,,
001NS00001c9Kj5YAE,a0ANS000004TxAU2A0,Commercial,26/05/2024,,,,,,,,,,,,,
001NS00001c9Kj6YAE,a0ANS000004TxAU2A0,Commercial,17/05/2024,,,,,,,,,,,,,
001NS00001c9Kj7YAE,a0ANS000004TxAU2A0,Commercial,2/04/2024,,,,,,,,,,,,,
001NS00001c9Kj8YAE,a0ANS000004TxAU2A0,Commercial,16/01/2024,,,,,,,,,,,,,
001NS00001c9Kj9YAE,a0ANS000004TxAU2A0,Commercial,20/07/2024,,,,,,,,,,,,,
001NS00001c9KjaYAE,a0ANS000004TxAU2A0,Commercial,18/07/2024,,,,,,,,,,,,,
001NS00001c9KjAYAU,a0ANS000004TxAU2A0,Commercial,21/10/2024,,,,,,,,,,,,,
001NS00001c9KjbYAE,a0ANS000004TxAU2A0,Commercial,16/04/2024,,,,,,,,,,,,,
001NS00001c9KjBYAU,a0ANS000004TxAU2A0,Commercial,3/06/2024,,,,,,,,,,,,,
001NS00001c9KjcYAE,a0ANS000004TxAU2A0,Commercial,12/04/2024,,,,,,,,,,,,,
001NS00001c9KjCYAU,a0ANS000004TxAU2A0,Commercial,19/07/2024,,,,,,,,,,,,,
001NS00001c9KjdYAE,a0ANS000004TxAU2A0,Commercial,10/03/2024,,,,,,,,,,,,,
001NS00001c9KjDYAU,a0ANS000004TxAU2A0,Commercial,18/11/2024,,,,,,,,,,,,,
001NS00001c9KjeYAE,a0ANS000004TxAU2A0,Commercial,2/08/2024,,,,,,,,,,,,,
001NS00001c9KjEYAU,a0ANS000004TxAU2A0,Commercial,6/10/2024,,,,,,,,,,,,,
001NS00001c9KjfYAE,a0ANS000004TxAU2A0,Commercial,17/07/2024,,,,,,,,,,,,,
001NS00001c9KjFYAU,a0ANS000004TxAU2A0,Commercial,6/09/2024,,,,,,,,,,,,,
001NS00001c9KjgYAE,a0ANS000004TxAU2A0,Commercial,10/06/2024,,,,,,,,,,,,,
001NS00001c9KjGYAU,a0ANS000004TxAU2A0,Commercial,20/11/2024,,,,,,,,,,,,,
001NS00001c9KjhYAE,a0ANS000004TxAU2A0,Commercial,22/04/2024,,,,,,,,,,,,,
001NS00001c9KjHYAU,a0ANS000004TxAU2A0,Commercial,18/06/2024,,,,,,,,,,,,,
001NS00001c9KjiYAE,a0ANS000004TxAU2A0,Commercial,22/08/2024,,,,,,,,,,,,,
001NS00001c9KjIYAU,a0ANS000004TxAU2A0,Commercial,28/01/2024,,,,,,,,,,,,,
001NS00001c9KjjYAE,a0ANS000004TxAU2A0,Commercial,16/04/2024,,,,,,,,,,,,,
001NS00001c9KjJYAU,a0ANS000004TxAU2A0,Commercial,25/03/2024,,,,,,,,,,,,,
001NS00001c9KjkYAE,a0ANS000004TxAU2A0,Commercial,12/10/2024,,,,,,,,,,,,,
001NS00001c9KjKYAU,a0ANS000004TxAU2A0,Commercial,20/12/2024,,,,,,,,,,,,,
001NS00001c9KjlYAE,a0ANS000004TxAU2A0,Commercial,28/11/2024,,,,,,,,,,,,,
001NS00001c9KjLYAU,a0ANS000004TxAU2A0,Commercial,27/04/2024,,,,,,,,,,,,,
001NS00001c9KjmYAE,a0ANS000004TxAU2A0,Commercial,16/12/2024,,,,,,,,,,,,,
001NS00001c9KjMYAU,a0ANS000004TxAU2A0,Commercial,25/10/2024,,,,,,,,,,,,,
001NS00001c9KjnYAE,a0ANS000004TxAU2A0,Commercial,1/04/2024,,,,,,,,,,,,,
001NS00001c9KjNYAU,a0ANS000004TxAU2A0,Commercial,26/06/2024,,,,,,,,,,,,,
001NS00001c9KjoYAE,a0ANS000004TxAU2A0,Commercial,1/12/2024,,,,,,,,,,,,,
001NS00001c9KjOYAU,a0ANS000004TxAU2A0,Commercial,10/06/2024,,,,,,,,,,,,,
001NS00001c9KjpYAE,a0ANS000004TxAU2A0,Commercial,11/09/2024,,,,,,,,,,,,,
001NS00001c9KjPYAU,a0ANS000004TxAU2A0,Commercial,26/02/2024,,,,,,,,,,,,,
001NS00001c9KjqYAE,a0ANS000004TxAU2A0,Commercial,18/06/2024,,,,,,,,,,,,,
001NS00001c9KjQYAU,a0ANS000004TxAU2A0,Commercial,8/06/2024,,,,,,,,,,,,,
001NS00001c9KjrYAE,a0ANS000004TxAU2A0,Commercial,22/11/2024,,,,,,,,,,,,,
001NS00001c9KjRYAU,a0ANS000004TxAU2A0,Commercial,3/02/2024,,,,,,,,,,,,,
001NS00001c9KjsYAE,a0ANS000004TxAU2A0,Commercial,7/04/2024,,,,,,,,,,,,,
001NS00001c9KjSYAU,a0ANS000004TxAU2A0,Commercial,23/10/2024,,,,,,,,,,,,,
001NS00001c9KjtYAE,a0ANS000004TxAU2A0,Commercial,7/02/2024,,,,,,,,,,,,,
001NS00001c9KjTYAU,a0ANS000004TxAU2A0,Commercial,8/07/2024,,,,,,,,,,,,,
001NS00001c9KjuYAE,a0ANS000004TxAU2A0,Commercial,14/01/2024,,,,,,,,,,,,,
001NS00001c9KjUYAU,a0ANS000004TxAU2A0,Commercial,22/11/2024,,,,,,,,,,,,,
001NS00001c9KjvYAE,a0ANS000004TxAU2A0,Commercial,5/03/2024,,,,,,,,,,,,,
001NS00001c9KjVYAU,a0ANS000004TxAU2A0,Commercial,22/11/2024,,,,,,,,,,,,,
001NS00001c9KjwYAE,a0ANS000004TxAU2A0,Commercial,18/12/2024,,,,,,,,,,,,,
001NS00001c9KjWYAU,a0ANS000004TxAU2A0,Commercial,26/09/2024,,,,,,,,,,,,,
001NS00001c9KjxYAE,a0ANS000004TxAU2A0,Commercial,16/06/2024,,,,,,,,,,,,,
001NS00001c9KjXYAU,a0ANS000004TxAU2A0,Commercial,11/07/2024,,,,,,,,,,,,,
001NS00001c9KjyYAE,a0ANS000004TxAU2A0,Commercial,14/05/2024,,,,,,,,,,,,,
001NS00001c9KjYYAU,a0ANS000004TxAU2A0,Commercial,5/09/2024,,,,,,,,,,,,,
001NS00001c9KjzYAE,a0ANS000004TxAU2A0,Commercial,8/01/2024,,,,,,,,,,,,,
001NS00001c9KjZYAU,a0ANS000004TxAU2A0,Commercial,8/12/2024,,,,,,,,,,,,,
001NS00001c9Kk0YAE,a0ANS000004TxAU2A0,Commercial,17/06/2024,,,,,,,,,,,,,
001NS00001c9Kk1YAE,a0ANS000004TxAU2A0,Commercial,1/09/2024,,,,,,,,,,,,,
001NS00001c9Kk2YAE,a0ANS000004TxAU2A0,Commercial,13/09/2024,,,,,,,,,,,,,
001NS00001c9Kk3YAE,a0ANS000004TxAU2A0,Commercial,11/09/2024,,,,,,,,,,,,,
001NS00001c9Kk4YAE,a0ANS000004TxAU2A0,Commercial,26/02/2024,,,,,,,,,,,,,
001NS00001c9Kk5YAE,a0ANS000004TxAU2A0,Commercial,4/05/2024,,,,,,,,,,,,,
001NS00001c9Kk6YAE,a0ANS000004TxAU2A0,Commercial,7/03/2024,,,,,,,,,,,,,
001NS00001c9Kk7YAE,a0ANS000004TxAU2A0,Commercial,15/02/2024,,,,,,,,,,,,,
001NS00001c9Kk8YAE,a0ANS000004TxAU2A0,Commercial,12/03/2024,,,,,,,,,,,,,
001NS00001c9Kk9YAE,a0ANS000004TxAU2A0,Commercial,14/10/2024,,,,,,,,,,,,,
001NS00001c9KkaYAE,a0ANS000004TxAU2A0,Commercial,24/09/2024,,,,,,,,,,,,,
001NS00001c9KkAYAU,a0ANS000004TxAU2A0,Commercial,9/01/2024,,,,,,,,,,,,,
001NS00001c9KkbYAE,a0ANS000004TxAU2A0,Commercial,8/06/2024,,,,,,,,,,,,,
001NS00001c9KkBYAU,a0ANS000004TxAU2A0,Commercial,16/07/2024,,,,,,,,,,,,,
001NS00001c9KkcYAE,a0ANS000004TxAU2A0,Commercial,7/06/2024,,,,,,,,,,,,,
001NS00001c9KkCYAU,a0ANS000004TxAU2A0,Commercial,20/11/2024,,,,,,,,,,,,,
001NS00001c9KkdYAE,a0ANS000004TxAU2A0,Commercial,27/03/2024,,,,,,,,,,,,,
001NS00001c9KkDYAU,a0ANS000004TxAU2A0,Commercial,11/07/2024,,,,,,,,,,,,,
001NS00001c9KkeYAE,a0ANS000004TxAU2A0,Commercial,3/07/2024,,,,,,,,,,,,,
001NS00001c9KkEYAU,a0ANS000004TxAU2A0,Commercial,11/02/2024,,,,,,,,,,,,,
001NS00001c9KkfYAE,a0ANS000004TxAU2A0,Commercial,24/12/2024,,,,,,,,,,,,,
001NS00001c9KkFYAU,a0ANS000004TxAU2A0,Commercial,9/10/2024,,,,,,,,,,,,,
001NS00001c9KkgYAE,a0ANS000004TxAU2A0,Commercial,17/07/2024,,,,,,,,,,,,,
001NS00001c9KkGYAU,a0ANS000004TxAU2A0,Commercial,10/06/2024,,,,,,,,,,,,,
001NS00001c9KkhYAE,a0ANS000004TxAU2A0,Commercial,21/07/2024,,,,,,,,,,,,,
001NS00001c9KkHYAU,a0ANS000004TxAU2A0,Commercial,1/01/2024,,,,,,,,,,,,,
001NS00001c9KkiYAE,a0ANS000004TxAU2A0,Commercial,18/01/2024,,,,,,,,,,,,,
001NS00001c9KkIYAU,a0ANS000004TxAU2A0,Commercial,5/08/2024,,,,,,,,,,,,,
001NS00001c9KkjYAE,a0ANS000004TxAU2A0,Commercial,11/09/2024,,,,,,,,,,,,,
001NS00001c9KkJYAU,a0ANS000004TxAU2A0,Commercial,18/12/2024,,,,,,,,,,,,,
001NS00001c9KkkYAE,a0ANS000004TxAU2A0,Commercial,18/08/2024,,,,,,,,,,,,,
001NS00001c9KkKYAU,a0ANS000004TxAU2A0,Commercial,9/03/2024,,,,,,,,,,,,,
001NS00001c9KklYAE,a0ANS000004TxAU2A0,Commercial,21/03/2024,,,,,,,,,,,,,
001NS00001c9KkLYAU,a0ANS000004TxAU2A0,Commercial,14/10/2024,,,,,,,,,,,,,
001NS00001c9KkmYAE,a0ANS000004TxAU2A0,Commercial,23/03/2024,,,,,,,,,,,,,
001NS00001c9KkMYAU,a0ANS000004TxAU2A0,Commercial,19/11/2024,,,,,,,,,,,,,
001NS00001c9KknYAE,a0ANS000004TxAU2A0,Commercial,13/05/2024,,,,,,,,,,,,,
001NS00001c9KkNYAU,a0ANS000004TxAU2A0,Commercial,8/07/2024,,,,,,,,,,,,,
001NS00001c9KkoYAE,a0ANS000004TxAU2A0,Commercial,8/04/2024,,,,,,,,,,,,,
001NS00001c9KkOYAU,a0ANS000004TxAU2A0,Commercial,26/01/2024,,,,,,,,,,,,,
001NS00001c9KkpYAE,a0ANS000004TxAU2A0,Commercial,24/10/2024,,,,,,,,,,,,,
001NS00001c9KkPYAU,a0ANS000004TxAU2A0,Commercial,24/09/2024,,,,,,,,,,,,,
001NS00001c9KkqYAE,a0ANS000004TxAU2A0,Commercial,5/10/2024,,,,,,,,,,,,,
001NS00001c9KkQYAU,a0ANS000004TxAU2A0,Commercial,26/08/2024,,,,,,,,,,,,,
001NS00001c9KkrYAE,a0ANS000004TxAU2A0,Commercial,26/03/2024,,,,,,,,,,,,,
001NS00001c9KkRYAU,a0ANS000004TxAU2A0,Commercial,8/07/2024,,,,,,,,,,,,,
001NS00001c9KksYAE,a0ANS000004TxAU2A0,Commercial,23/10/2024,,,,,,,,,,,,,
001NS00001c9KkSYAU,a0ANS000004TxAU2A0,Commercial,15/07/2024,,,,,,,,,,,,,
001NS00001c9KktYAE,a0ANS000004TxAU2A0,Commercial,3/05/2024,,,,,,,,,,,,,
001NS00001c9KkTYAU,a0ANS000004TxAU2A0,Commercial,11/10/2024,,,,,,,,,,,,,
001NS00001c9KkuYAE,a0ANS000004TxAU2A0,Commercial,18/09/2024,,,,,,,,,,,,,
001NS00001c9KkUYAU,a0ANS000004TxAU2A0,Commercial,13/11/2024,,,,,,,,,,,,,
001NS00001c9KkvYAE,a0ANS000004TxAU2A0,Commercial,17/04/2024,,,,,,,,,,,,,
001NS00001c9KkVYAU,a0ANS000004TxAU2A0,Commercial,6/10/2024,,,,,,,,,,,,,
001NS00001c9KkwYAE,a0ANS000004TxAU2A0,Commercial,14/02/2024,,,,,,,,,,,,,
001NS00001c9KkWYAU,a0ANS000004TxAU2A0,Commercial,3/04/2024,,,,,,,,,,,,,
001NS00001c9KkxYAE,a0ANS000004TxAU2A0,Commercial,7/10/2024,,,,,,,,,,,,,
001NS00001c9KkXYAU,a0ANS000004TxAU2A0,Commercial,7/07/2024,,,,,,,,,,,,,
001NS00001c9KkyYAE,a0ANS000004TxAU2A0,Commercial,23/11/2024,,,,,,,,,,,,,
001NS00001c9KkYYAU,a0ANS000004TxAU2A0,Commercial,2/09/2024,,,,,,,,,,,,,
001NS00001c9KkzYAE,a0ANS000004TxAU2A0,Commercial,27/05/2024,,,,,,,,,,,,,
001NS00001c9KkZYAU,a0ANS000004TxAU2A0,Commercial,20/05/2024,,,,,,,,,,,,,
001NS00001c9Kl0YAE,a0ANS000004TxAU2A0,Commercial,11/10/2024,,,,,,,,,,,,,
001NS00001c9Kl1YAE,a0ANS000004TxAU2A0,Commercial,17/01/2024,,,,,,,,,,,,,
001NS00001c9Kl2YAE,a0ANS000004TxAU2A0,Commercial,11/12/2024,,,,,,,,,,,,,
001NS00001c9Kl3YAE,a0ANS000004TxAU2A0,Commercial,7/10/2024,,,,,,,,,,,,,
001NS00001c9Kl4YAE,a0ANS000004TxAU2A0,Commercial,8/06/2024,,,,,,,,,,,,,
001NS00001c9Kl5YAE,a0ANS000004TxAU2A0,Commercial,26/01/2024,,,,,,,,,,,,,
001NS00001c9Kl6YAE,a0ANS000004TxAU2A0,Commercial,20/09/2024,,,,,,,,,,,,,
001NS00001c9Kl7YAE,a0ANS000004TxAU2A0,Commercial,20/03/2024,,,,,,,,,,,,,
001NS00001c9Kl8YAE,a0ANS000004TxAU2A0,Commercial,11/10/2024,,,,,,,,,,,,,
001NS00001c9Kl9YAE,a0ANS000004TxAU2A0,Commercial,21/03/2024,,,,,,,,,,,,,
001NS00001c9KlaYAE,a0ANS000004TxAU2A0,Commercial,3/06/2024,,,,,,,,,,,,,
001NS00001c9KlAYAU,a0ANS000004TxAU2A0,Commercial,4/03/2024,,,,,,,,,,,,,
001NS00001c9KlbYAE,a0ANS000004TxAU2A0,Commercial,10/01/2024,,,,,,,,,,,,,
001NS00001c9KlBYAU,a0ANS000004TxAU2A0,Commercial,24/10/2024,,,,,,,,,,,,,
001NS00001c9KlcYAE,a0ANS000004TxAU2A0,Commercial,20/04/2024,,,,,,,,,,,,,
001NS00001c9KlCYAU,a0ANS000004TxAU2A0,Commercial,24/06/2024,,,,,,,,,,,,,
001NS00001c9KldYAE,a0ANS000004TxAU2A0,Commercial,12/03/2024,,,,,,,,,,,,,
001NS00001c9KlDYAU,a0ANS000004TxAU2A0,Commercial,16/12/2024,,,,,,,,,,,,,
001NS00001c9KleYAE,a0ANS000004TxAU2A0,Commercial,10/05/2024,,,,,,,,,,,,,
001NS00001c9KlEYAU,a0ANS000004TxAU2A0,Commercial,4/09/2024,,,,,,,,,,,,,
001NS00001c9KlfYAE,a0ANS000004TxAU2A0,Commercial,19/10/2024,,,,,,,,,,,,,
001NS00001c9KlFYAU,a0ANS000004TxAU2A0,Commercial,11/03/2024,,,,,,,,,,,,,
001NS00001c9KlgYAE,a0ANS000004TxAU2A0,Commercial,18/04/2024,,,,,,,,,,,,,
001NS00001c9KlGYAU,a0ANS000004TxAU2A0,Commercial,22/10/2024,,,,,,,,,,,,,
001NS00001c9KlhYAE,a0ANS000004TxAU2A0,Commercial,2/02/2024,,,,,,,,,,,,,
001NS00001c9KlHYAU,a0ANS000004TxAU2A0,Commercial,14/05/2024,,,,,,,,,,,,,
001NS00001c9KliYAE,a0ANS000004TxAU2A0,Commercial,20/01/2024,,,,,,,,,,,,,
001NS00001c9KlIYAU,a0ANS000004TxAU2A0,Commercial,17/11/2024,,,,,,,,,,,,,
001NS00001c9KljYAE,a0ANS000004TxAU2A0,Commercial,14/12/2024,,,,,,,,,,,,,
001NS00001c9KlJYAU,a0ANS000004TxAU2A0,Commercial,4/01/2024,,,,,,,,,,,,,
001NS00001c9KlkYAE,a0ANS000004TxAU2A0,Commercial,21/02/2024,,,,,,,,,,,,,
001NS00001c9KlKYAU,a0ANS000004TxAU2A0,Commercial,24/01/2024,,,,,,,,,,,,,
001NS00001c9KllYAE,a0ANS000004TxAU2A0,Commercial,20/08/2024,,,,,,,,,,,,,
001NS00001c9KlLYAU,a0ANS000004TxAU2A0,Commercial,25/08/2024,,,,,,,,,,,,,
001NS00001c9KlmYAE,a0ANS000004TxAU2A0,Commercial,23/03/2024,,,,,,,,,,,,,
001NS00001c9KlMYAU,a0ANS000004TxAU2A0,Commercial,12/09/2024,,,,,,,,,,,,,
001NS00001c9KlnYAE,a0ANS000004TxAU2A0,Commercial,8/10/2024,,,,,,,,,,,,,
001NS00001c9KlNYAU,a0ANS000004TxAU2A0,Commercial,4/10/2024,,,,,,,,,,,,,
001NS00001c9KloYAE,a0ANS000004TxAU2A0,Commercial,10/08/2024,,,,,,,,,,,,,
001NS00001c9KlOYAU,a0ANS000004TxAU2A0,Commercial,28/02/2024,,,,,,,,,,,,,
001NS00001c9KlpYAE,a0ANS000004TxAU2A0,Commercial,16/01/2024,,,,,,,,,,,,,
001NS00001c9KlPYAU,a0ANS000004TxAU2A0,Commercial,23/02/2024,,,,,,,,,,,,,
001NS00001c9KlqYAE,a0ANS000004TxAU2A0,Commercial,12/12/2024,,,,,,,,,,,,,
001NS00001c9KlQYAU,a0ANS000004TxAU2A0,Commercial,10/08/2024,,,,,,,,,,,,,
001NS00001c9KlrYAE,a0ANS000004TxAU2A0,Commercial,8/06/2024,,,,,,,,,,,,,
001NS00001c9KlRYAU,a0ANS000004TxAU2A0,Commercial,25/11/2024,,,,,,,,,,,,,
001NS00001c9KlsYAE,a0ANS000004TxAU2A0,Commercial,1/01/2024,,,,,,,,,,,,,
001NS00001c9KlSYAU,a0ANS000004TxAU2A0,Commercial,3/08/2024,,,,,,,,,,,,,
001NS00001c9KltYAE,a0ANS000004TxAU2A0,Commercial,2/05/2024,,,,,,,,,,,,,
001NS00001c9KlTYAU,a0ANS000004TxAU2A0,Commercial,16/03/2024,,,,,,,,,,,,,
001NS00001c9KluYAE,a0ANS000004TxAU2A0,Commercial,2/01/2024,,,,,,,,,,,,,
001NS00001c9KlUYAU,a0ANS000004TxAU2A0,Commercial,19/03/2024,,,,,,,,,,,,,
001NS00001c9KlvYAE,a0ANS000004TxAU2A0,Commercial,23/09/2024,,,,,,,,,,,,,
001NS00001c9KlVYAU,a0ANS000004TxAU2A0,Commercial,1/07/2024,,,,,,,,,,,,,
001NS00001c9KlwYAE,a0ANS000004TxAU2A0,Commercial,14/05/2024,,,,,,,,,,,,,
001NS00001c9KlWYAU,a0ANS000004TxAU2A0,Commercial,22/07/2024,,,,,,,,,,,,,
001NS00001c9KlxYAE,a0ANS000004TxAU2A0,Commercial,13/05/2024,,,,,,,,,,,,,
001NS00001c9KlXYAU,a0ANS000004TxAU2A0,Commercial,18/01/2024,,,,,,,,,,,,,
001NS00001c9KlyYAE,a0ANS000004TxAU2A0,Commercial,11/04/2024,,,,,,,,,,,,,
001NS00001c9KlYYAU,a0ANS000004TxAU2A0,Commercial,20/06/2024,,,,,,,,,,,,,
001NS00001c9KlzYAE,a0ANS000004TxAU2A0,Commercial,27/04/2024,,,,,,,,,,,,,
001NS00001c9KlZYAU,a0ANS000004TxAU2A0,Commercial,15/12/2024,,,,,,,,,,,,,
001NS00001c9Km0YAE,a0ANS000004TxAU2A0,Commercial,18/09/2024,,,,,,,,,,,,,
001NS00001c9Km1YAE,a0ANS000004TxAU2A0,Commercial,19/08/2024,,,,,,,,,,,,,
001NS00001c9Km2YAE,a0ANS000004TxAU2A0,Commercial,8/07/2024,,,,,,,,,,,,,
001NS00001c9Km3YAE,a0ANS000004TxAU2A0,Commercial,17/07/2024,,,,,,,,,,,,,
001NS00001c9Km4YAE,a0ANS000004TxAU2A0,Commercial,22/09/2024,,,,,,,,,,,,,
001NS00001c9Km5YAE,a0ANS000004TxAU2A0,Commercial,22/06/2024,,,,,,,,,,,,,
001NS00001c9Km6YAE,a0ANS000004TxAU2A0,Commercial,26/10/2024,,,,,,,,,,,,,
001NS00001c9Km7YAE,a0ANS000004TxAU2A0,Commercial,15/09/2024,,,,,,,,,,,,,
001NS00001c9Km8YAE,a0ANS000004TxAU2A0,Commercial,23/10/2024,,,,,,,,,,,,,
001NS00001c9Km9YAE,a0ANS000004TxAU2A0,Commercial,5/05/2024,,,,,,,,,,,,,
001NS00001c9KmaYAE,a0ANS000004TxAU2A0,Commercial,12/06/2024,,,,,,,,,,,,,
001NS00001c9KmAYAU,a0ANS000004TxAU2A0,Commercial,2/11/2024,,,,,,,,,,,,,
001NS00001c9KmbYAE,a0ANS000004TxAU2A0,Commercial,23/08/2024,,,,,,,,,,,,,
001NS00001c9KmBYAU,a0ANS000004TxAU2A0,Commercial,13/11/2024,,,,,,,,,,,,,
001NS00001c9KmcYAE,a0ANS000004TxAU2A0,Commercial,13/08/2024,,,,,,,,,,,,,
001NS00001c9KmCYAU,a0ANS000004TxAU2A0,Commercial,13/11/2024,,,,,,,,,,,,,
001NS00001c9KmdYAE,a0ANS000004TxAU2A0,Commercial,23/09/2024,,,,,,,,,,,,,
001NS00001c9KmDYAU,a0ANS000004TxAU2A0,Commercial,2/10/2024,,,,,,,,,,,,,
001NS00001c9KmeYAE,a0ANS000004TxAU2A0,Commercial,7/08/2024,,,,,,,,,,,,,
001NS00001c9KmEYAU,a0ANS000004TxAU2A0,Commercial,6/02/2024,,,,,,,,,,,,,
001NS00001c9KmfYAE,a0ANS000004TxAU2A0,Commercial,10/02/2024,,,,,,,,,,,,,
001NS00001c9KmFYAU,a0ANS000004TxAU2A0,Commercial,25/03/2024,,,,,,,,,,,,,
001NS00001c9KmgYAE,a0ANS000004TxAU2A0,Commercial,18/03/2024,,,,,,,,,,,,,
001NS00001c9KmGYAU,a0ANS000004TxAU2A0,Commercial,26/07/2024,,,,,,,,,,,,,
001NS00001c9KmhYAE,a0ANS000004TxAU2A0,Commercial,14/05/2024,,,,,,,,,,,,,
001NS00001c9KmHYAU,a0ANS000004TxAU2A0,Commercial,21/04/2024,,,,,,,,,,,,,
001NS00001c9KmiYAE,a0ANS000004TxAU2A0,Commercial,26/09/2024,,,,,,,,,,,,,
001NS00001c9KmIYAU,a0ANS000004TxAU2A0,Commercial,15/06/2024,,,,,,,,,,,,,
001NS00001c9KmjYAE,a0ANS000004TxAU2A0,Commercial,6/12/2024,,,,,,,,,,,,,
001NS00001c9KmJYAU,a0ANS000004TxAU2A0,Commercial,6/02/2024,,,,,,,,,,,,,
001NS00001c9KmkYAE,a0ANS000004TxAU2A0,Commercial,28/04/2024,,,,,,,,,,,,,
001NS00001c9KmKYAU,a0ANS000004TxAU2A0,Commercial,4/06/2024,,,,,,,,,,,,,
001NS00001c9KmlYAE,a0ANS000004TxAU2A0,Commercial,24/09/2024,,,,,,,,,,,,,
001NS00001c9KmLYAU,a0ANS000004TxAU2A0,Commercial,17/06/2024,,,,,,,,,,,,,
001NS00001c9KmmYAE,a0ANS000004TxAU2A0,Commercial,6/04/2024,,,,,,,,,,,,,
001NS00001c9KmMYAU,a0ANS000004TxAU2A0,Commercial,14/06/2024,,,,,,,,,,,,,
001NS00001c9KmnYAE,a0ANS000004TxAU2A0,Commercial,23/09/2024,,,,,,,,,,,,,
001NS00001c9KmNYAU,a0ANS000004TxAU2A0,Commercial,26/12/2024,,,,,,,,,,,,,
001NS00001c9KmoYAE,a0ANS000004TxAU2A0,Commercial,26/12/2024,,,,,,,,,,,,,
001NS00001c9KmOYAU,a0ANS000004TxAU2A0,Commercial,1/04/2024,,,,,,,,,,,,,
001NS00001c9KmpYAE,a0ANS000004TxAU2A0,Commercial,8/05/2024,,,,,,,,,,,,,
001NS00001c9KmPYAU,a0ANS000004TxAU2A0,Commercial,14/07/2024,,,,,,,,,,,,,
001NS00001c9KmqYAE,a0ANS000004TxAU2A0,Commercial,2/07/2024,,,,,,,,,,,,,
001NS00001c9KmQYAU,a0ANS000004TxAU2A0,Commercial,20/07/2024,,,,,,,,,,,,,
001NS00001c9KmrYAE,a0ANS000004TxAU2A0,Commercial,2/04/2024,,,,,,,,,,,,,
001NS00001c9KmRYAU,a0ANS000004TxAU2A0,Commercial,27/07/2024,,,,,,,,,,,,,
001NS00001c9KmsYAE,a0ANS000004TxAU2A0,Commercial,20/11/2024,,,,,,,,,,,,,
001NS00001c9KmSYAU,a0ANS000004TxAU2A0,Commercial,23/02/2024,,,,,,,,,,,,,
001NS00001c9KmtYAE,a0ANS000004TxAU2A0,Commercial,25/07/2024,,,,,,,,,,,,,
001NS00001c9KmTYAU,a0ANS000004TxAU2A0,Commercial,23/09/2024,,,,,,,,,,,,,
001NS00001c9KmuYAE,a0ANS000004TxAU2A0,Commercial,12/04/2024,,,,,,,,,,,,,
001NS00001c9KmUYAU,a0ANS000004TxAU2A0,Commercial,5/03/2024,,,,,,,,,,,,,
001NS00001c9KmvYAE,a0ANS000004TxAU2A0,Commercial,12/07/2024,,,,,,,,,,,,,
001NS00001c9KmVYAU,a0ANS000004TxAU2A0,Commercial,24/12/2024,,,,,,,,,,,,,
001NS00001c9KmwYAE,a0ANS000004TxAU2A0,Commercial,1/06/2024,,,,,,,,,,,,,
001NS00001c9KmWYAU,a0ANS000004TxAU2A0,Commercial,9/07/2024,,,,,,,,,,,,,
001NS00001c9KmxYAE,a0ANS000004TxAU2A0,Commercial,23/02/2024,,,,,,,,,,,,,
001NS00001c9KmXYAU,a0ANS000004TxAU2A0,Commercial,13/02/2024,,,,,,,,,,,,,
001NS00001c9KmyYAE,a0ANS000004TxAU2A0,Commercial,7/11/2024,,,,,,,,,,,,,
001NS00001c9KmYYAU,a0ANS000004TxAU2A0,Commercial,19/08/2024,,,,,,,,,,,,,
001NS00001c9KmzYAE,a0ANS000004TxAU2A0,Commercial,5/01/2024,,,,,,,,,,,,,
001NS00001c9KmZYAU,a0ANS000004TxAU2A0,Commercial,15/01/2024,,,,,,,,,,,,,
001NS00001c9Kn0YAE,a0ANS000004TxAU2A0,Commercial,13/05/2024,,,,,,,,,,,,,
001NS00001c9Kn1YAE,a0ANS000004TxAU2A0,Commercial,22/11/2024,,,,,,,,,,,,,
001NS00001c9Kn2YAE,a0ANS000004TxAU2A0,Commercial,23/01/2024,,,,,,,,,,,,,
001NS00001c9Kn3YAE,a0ANS000004TxAU2A0,Commercial,17/07/2024,,,,,,,,,,,,,
001NS00001c9Kn4YAE,a0ANS000004TxAU2A0,Commercial,7/01/2024,,,,,,,,,,,,,
001NS00001c9Kn5YAE,a0ANS000004TxAU2A0,Commercial,22/11/2024,,,,,,,,,,,,,
001NS00001c9Kn6YAE,a0ANS000004TxAU2A0,Commercial,20/06/2024,,,,,,,,,,,,,
001NS00001c9Kn7YAE,a0ANS000004TxAU2A0,Commercial,20/06/2024,,,,,,,,,,,,,
001NS00001c9Kn8YAE,a0ANS000004TxAU2A0,Commercial,27/07/2024,,,,,,,,,,,,,
001NS00001c9Kn9YAE,a0ANS000004TxAU2A0,Commercial,20/02/2024,,,,,,,,,,,,,
001NS00001c9KnaYAE,a0ANS000004TxAU2A0,Commercial,24/04/2024,,,,,,,,,,,,,
001NS00001c9KnAYAU,a0ANS000004TxAU2A0,Commercial,6/05/2024,,,,,,,,,,,,,
001NS00001c9KnbYAE,a0ANS000004TxAU2A0,Commercial,5/12/2024,,,,,,,,,,,,,
001NS00001c9KnBYAU,a0ANS000004TxAU2A0,Commercial,7/08/2024,,,,,,,,,,,,,
001NS00001c9KncYAE,a0ANS000004TxAU2A0,Commercial,14/04/2024,,,,,,,,,,,,,
001NS00001c9KnCYAU,a0ANS000004TxAU2A0,Commercial,25/09/2024,,,,,,,,,,,,,
001NS00001c9KndYAE,a0ANS000004TxAU2A0,Commercial,26/01/2024,,,,,,,,,,,,,
001NS00001c9KnDYAU,a0ANS000004TxAU2A0,Commercial,6/06/2024,,,,,,,,,,,,,
001NS00001c9KneYAE,a0ANS000004TxAU2A0,Commercial,15/12/2024,,,,,,,,,,,,,
001NS00001c9KnEYAU,a0ANS000004TxAU2A0,Commercial,4/07/2024,,,,,,,,,,,,,
001NS00001c9KnfYAE,a0ANS000004TxAU2A0,Commercial,23/11/2024,,,,,,,,,,,,,
001NS00001c9KnFYAU,a0ANS000004TxAU2A0,Commercial,18/03/2024,,,,,,,,,,,,,
001NS00001c9KngYAE,a0ANS000004TxAU2A0,Commercial,17/09/2024,,,,,,,,,,,,,
001NS00001c9KnGYAU,a0ANS000004TxAU2A0,Commercial,19/03/2024,,,,,,,,,,,,,
001NS00001c9KnhYAE,a0ANS000004TxAU2A0,Commercial,27/01/2024,,,,,,,,,,,,,
001NS00001c9KnHYAU,a0ANS000004TxAU2A0,Commercial,27/04/2024,,,,,,,,,,,,,
001NS00001c9KniYAE,a0ANS000004TxAU2A0,Commercial,15/09/2024,,,,,,,,,,,,,
001NS00001c9KnIYAU,a0ANS000004TxAU2A0,Commercial,11/01/2024,,,,,,,,,,,,,
001NS00001c9KnjYAE,a0ANS000004TxAU2A0,Commercial,16/09/2024,,,,,,,,,,,,,
001NS00001c9KnJYAU,a0ANS000004TxAU2A0,Commercial,18/11/2024,,,,,,,,,,,,,
001NS00001c9KnkYAE,a0ANS000004TxAU2A0,Commercial,22/06/2024,,,,,,,,,,,,,
001NS00001c9KnKYAU,a0ANS000004TxAU2A0,Commercial,11/02/2024,,,,,,,,,,,,,
001NS00001c9KnlYAE,a0ANS000004TxAU2A0,Commercial,13/12/2024,,,,,,,,,,,,,
001NS00001c9KnLYAU,a0ANS000004TxAU2A0,Commercial,16/07/2024,,,,,,,,,,,,,
001NS00001c9KnmYAE,a0ANS000004TxAU2A0,Commercial,11/02/2024,,,,,,,,,,,,,
001NS00001c9KnMYAU,a0ANS000004TxAU2A0,Commercial,28/09/2024,,,,,,,,,,,,,
001NS00001c9KnnYAE,a0ANS000004TxAU2A0,Commercial,10/02/2024,,,,,,,,,,,,,
001NS00001c9KnNYAU,a0ANS000004TxAU2A0,Commercial,26/09/2024,,,,,,,,,,,,,
001NS00001c9KnoYAE,a0ANS000004TxAU2A0,Commercial,16/11/2024,,,,,,,,,,,,,
001NS00001c9KnOYAU,a0ANS000004TxAU2A0,Commercial,7/02/2024,,,,,,,,,,,,,
001NS00001c9KnpYAE,a0ANS000004TxAU2A0,Commercial,27/07/2024,,,,,,,,,,,,,
001NS00001c9KnPYAU,a0ANS000004TxAU2A0,Commercial,11/06/2024,,,,,,,,,,,,,
001NS00001c9KnqYAE,a0ANS000004TxAU2A0,Commercial,11/06/2024,,,,,,,,,,,,,
001NS00001c9KnQYAU,a0ANS000004TxAU2A0,Commercial,1/11/2024,,,,,,,,,,,,,
001NS00001c9KnrYAE,a0ANS000004TxAU2A0,Commercial,9/02/2024,,,,,,,,,,,,,
001NS00001c9KnRYAU,a0ANS000004TxAU2A0,Commercial,20/08/2024,,,,,,,,,,,,,
001NS00001c9KnsYAE,a0ANS000004TxAU2A0,Commercial,5/06/2024,,,,,,,,,,,,,
001NS00001c9KnSYAU,a0ANS000004TxAU2A0,Commercial,17/10/2024,,,,,,,,,,,,,
001NS00001c9KntYAE,a0ANS000004TxAU2A0,Commercial,3/09/2024,,,,,,,,,,,,,
001NS00001c9KnTYAU,a0ANS000004TxAU2A0,Commercial,25/04/2024,,,,,,,,,,,,,
001NS00001c9KnuYAE,a0ANS000004TxAU2A0,Commercial,9/07/2024,,,,,,,,,,,,,
001NS00001c9KnUYAU,a0ANS000004TxAU2A0,Commercial,12/10/2024,,,,,,,,,,,,,
001NS00001c9KnvYAE,a0ANS000004TxAU2A0,Commercial,27/12/2024,,,,,,,,,,,,,
001NS00001c9KnVYAU,a0ANS000004TxAU2A0,Commercial,9/12/2024,,,,,,,,,,,,,
001NS00001c9KnwYAE,a0ANS000004TxAU2A0,Commercial,20/05/2024,,,,,,,,,,,,,
001NS00001c9KnWYAU,a0ANS000004TxAU2A0,Commercial,21/10/2024,,,,,,,,,,,,,
001NS00001c9KnxYAE,a0ANS000004TxAU2A0,Commercial,1/07/2024,,,,,,,,,,,,,
001NS00001c9KnXYAU,a0ANS000004TxAU2A0,Commercial,6/08/2024,,,,,,,,,,,,,
001NS00001c9KnyYAE,a0ANS000004TxAU2A0,Commercial,17/02/2024,,,,,,,,,,,,,
001NS00001c9KnYYAU,a0ANS000004TxAU2A0,Commercial,20/10/2024,,,,,,,,,,,,,
001NS00001c9KnzYAE,a0ANS000004TxAU2A0,Commercial,26/06/2024,,,,,,,,,,,,,
001NS00001c9KnZYAU,a0ANS000004TxAU2A0,Commercial,9/09/2024,,,,,,,,,,,,,
001NS00001c9Ko0YAE,a0ANS000004TxAU2A0,Commercial,1/01/2024,,,,,,,,,,,,,
001NS00001c9Ko1YAE,a0ANS000004TxAU2A0,Commercial,22/06/2024,,,,,,,,,,,,,
001NS00001c9Ko2YAE,a0ANS000004TxAU2A0,Commercial,22/01/2024,,,,,,,,,,,,,
001NS00001c9Ko3YAE,a0ANS000004TxAU2A0,Commercial,26/10/2024,,,,,,,,,,,,,
001NS00001c9Ko4YAE,a0ANS000004TxAU2A0,Commercial,20/09/2024,,,,,,,,,,,,,
001NS00001c9Ko5YAE,a0ANS000004TxAU2A0,Commercial,18/01/2024,,,,,,,,,,,,,
001NS00001c9Ko6YAE,a0ANS000004TxAU2A0,Commercial,28/03/2024,,,,,,,,,,,,,
001NS00001c9Ko7YAE,a0ANS000004TxAU2A0,Commercial,16/01/2024,,,,,,,,,,,,,
001NS00001c9Ko8YAE,a0ANS000004TxAU2A0,Commercial,2/05/2024,,,,,,,,,,,,,
001NS00001c9Ko9YAE,a0ANS000004TxAU2A0,Commercial,1/06/2024,,,,,,,,,,,,,
001NS00001c9KoaYAE,a0ANS000004TxAU2A0,Commercial,4/09/2024,,,,,,,,,,,,,
001NS00001c9KoAYAU,a0ANS000004TxAU2A0,Commercial,3/08/2024,,,,,,,,,,,,,
001NS00001c9KobYAE,a0ANS000004TxAU2A0,Commercial,11/08/2024,,,,,,,,,,,,,
001NS00001c9KoBYAU,a0ANS000004TxAU2A0,Commercial,5/10/2024,,,,,,,,,,,,,
001NS00001c9KocYAE,a0ANS000004TxAU2A0,Commercial,1/02/2024,,,,,,,,,,,,,
001NS00001c9KoCYAU,a0ANS000004TxAU2A0,Commercial,22/03/2024,,,,,,,,,,,,,
001NS00001c9KodYAE,a0ANS000004TxAU2A0,Commercial,23/11/2024,,,,,,,,,,,,,
001NS00001c9KoDYAU,a0ANS000004TxAU2A0,Commercial,21/07/2024,,,,,,,,,,,,,
001NS00001c9KoeYAE,a0ANS000004TxAU2A0,Commercial,8/10/2024,,,,,,,,,,,,,
001NS00001c9KoEYAU,a0ANS000004TxAU2A0,Commercial,17/03/2024,,,,,,,,,,,,,
001NS00001c9KofYAE,a0ANS000004TxAU2A0,Commercial,25/05/2024,,,,,,,,,,,,,
001NS00001c9KoFYAU,a0ANS000004TxAU2A0,Commercial,1/05/2024,,,,,,,,,,,,,
001NS00001c9KogYAE,a0ANS000004TxAU2A0,Commercial,27/08/2024,,,,,,,,,,,,,
001NS00001c9KoGYAU,a0ANS000004TxAU2A0,Commercial,20/06/2024,,,,,,,,,,,,,
001NS00001c9KohYAE,a0ANS000004TxAU2A0,Commercial,1/08/2024,,,,,,,,,,,,,
001NS00001c9KoHYAU,a0ANS000004TxAU2A0,Commercial,19/12/2024,,,,,,,,,,,,,
001NS00001c9KoiYAE,a0ANS000004TxAU2A0,Commercial,6/03/2024,,,,,,,,,,,,,
001NS00001c9KoIYAU,a0ANS000004TxAU2A0,Commercial,10/02/2024,,,,,,,,,,,,,
001NS00001c9KojYAE,a0ANS000004TxAU2A0,Commercial,18/11/2024,,,,,,,,,,,,,
001NS00001c9KoJYAU,a0ANS000004TxAU2A0,Commercial,11/01/2024,,,,,,,,,,,,,
001NS00001c9KokYAE,a0ANS000004TxAU2A0,Commercial,9/01/2024,,,,,,,,,,,,,
001NS00001c9KoKYAU,a0ANS000004TxAU2A0,Commercial,25/11/2024,,,,,,,,,,,,,
001NS00001c9KolYAE,a0ANS000004TxAU2A0,Commercial,4/12/2024,,,,,,,,,,,,,
001NS00001c9KoLYAU,a0ANS000004TxAU2A0,Commercial,10/10/2024,,,,,,,,,,,,,
001NS00001c9KomYAE,a0ANS000004TxAU2A0,Commercial,6/01/2024,,,,,,,,,,,,,
001NS00001c9KoMYAU,a0ANS000004TxAU2A0,Commercial,23/06/2024,,,,,,,,,,,,,
001NS00001c9KonYAE,a0ANS000004TxAU2A0,Commercial,7/10/2024,,,,,,,,,,,,,
001NS00001c9KoNYAU,a0ANS000004TxAU2A0,Commercial,17/06/2024,,,,,,,,,,,,,
001NS00001c9KooYAE,a0ANS000004TxAU2A0,Commercial,13/08/2024,,,,,,,,,,,,,
001NS00001c9KoOYAU,a0ANS000004TxAU2A0,Commercial,17/05/2024,,,,,,,,,,,,,
001NS00001c9KopYAE,a0ANS000004TxAU2A0,Commercial,13/08/2024,,,,,,,,,,,,,
001NS00001c9KoPYAU,a0ANS000004TxAU2A0,Commercial,9/04/2024,,,,,,,,,,,,,
001NS00001c9KoqYAE,a0ANS000004TxAU2A0,Commercial,1/08/2024,,,,,,,,,,,,,
001NS00001c9KoQYAU,a0ANS000004TxAU2A0,Commercial,9/05/2024,,,,,,,,,,,,,
001NS00001c9KorYAE,a0ANS000004TxAU2A0,Commercial,14/12/2024,,,,,,,,,,,,,
001NS00001c9KoRYAU,a0ANS000004TxAU2A0,Commercial,19/03/2024,,,,,,,,,,,,,
001NS00001c9KosYAE,a0ANS000004TxAU2A0,Commercial,22/04/2024,,,,,,,,,,,,,
001NS00001c9KoSYAU,a0ANS000004TxAU2A0,Commercial,16/05/2024,,,,,,,,,,,,,
001NS00001c9KotYAE,a0ANS000004TxAU2A0,Commercial,13/08/2024,,,,,,,,,,,,,
001NS00001c9KoTYAU,a0ANS000004TxAU2A0,Commercial,13/08/2024,,,,,,,,,,,,,
001NS00001c9KouYAE,a0ANS000004TxAU2A0,Commercial,25/04/2024,,,,,,,,,,,,,
001NS00001c9KoUYAU,a0ANS000004TxAU2A0,Commercial,4/10/2024,,,,,,,,,,,,,
001NS00001c9KovYAE,a0ANS000004TxAU2A0,Commercial,6/09/2024,,,,,,,,,,,,,
001NS00001c9KoVYAU,a0ANS000004TxAU2A0,Commercial,10/06/2024,,,,,,,,,,,,,
001NS00001c9KowYAE,a0ANS000004TxAU2A0,Commercial,12/08/2024,,,,,,,,,,,,,
001NS00001c9KoWYAU,a0ANS000004TxAU2A0,Commercial,22/12/2024,,,,,,,,,,,,,
001NS00001c9KoxYAE,a0ANS000004TxAU2A0,Commercial,13/08/2024,,,,,,,,,,,,,
001NS00001c9KoXYAU,a0ANS000004TxAU2A0,Commercial,18/12/2024,,,,,,,,,,,,,
001NS00001c9KoyYAE,a0ANS000004TxAU2A0,Commercial,17/12/2024,,,,,,,,,,,,,
001NS00001c9KoYYAU,a0ANS000004TxAU2A0,Commercial,10/12/2024,,,,,,,,,,,,,
001NS00001c9KozYAE,a0ANS000004TxAU2A0,Commercial,21/08/2024,,,,,,,,,,,,,
001NS00001c9KoZYAU,a0ANS000004TxAU2A0,Commercial,8/06/2024,,,,,,,,,,,,,
001NS00001c9Kp0YAE,a0ANS000004TxAU2A0,Commercial,7/10/2024,,,,,,,,,,,,,
001NS00001c9Kp1YAE,a0ANS000004TxAU2A0,Commercial,28/04/2024,,,,,,,,,,,,,
001NS00001c9Kp2YAE,a0ANS000004TxAU2A0,Commercial,18/12/2024,,,,,,,,,,,,,
001NS00001c9Kp3YAE,a0ANS000004TxAU2A0,Commercial,14/08/2024,,,,,,,,,,,,,
001NS00001c9Kp4YAE,a0ANS000004TxAU2A0,Commercial,28/12/2024,,,,,,,,,,,,,
001NS00001c9Kp5YAE,a0ANS000004TxAU2A0,Commercial,19/03/2024,,,,,,,,,,,,,
001NS00001c9Kp6YAE,a0ANS000004TxAU2A0,Commercial,8/09/2024,,,,,,,,,,,,,
001NS00001c9Kp7YAE,a0ANS000004TxAU2A0,Commercial,27/08/2024,,,,,,,,,,,,,
001NS00001c9Kp8YAE,a0ANS000004TxAU2A0,Commercial,26/05/2024,,,,,,,,,,,,,
001NS00001c9Kp9YAE,a0ANS000004TxAU2A0,Commercial,22/04/2024,,,,,,,,,,,,,
001NS00001c9KpaYAE,a0ANS000004TxAU2A0,Commercial,21/05/2024,,,,,,,,,,,,,
001NS00001c9KpAYAU,a0ANS000004TxAU2A0,Commercial,13/02/2024,,,,,,,,,,,,,
001NS00001c9KpbYAE,a0ANS000004TxAU2A0,Commercial,24/07/2024,,,,,,,,,,,,,
001NS00001c9KpBYAU,a0ANS000004TxAU2A0,Commercial,13/09/2024,,,,,,,,,,,,,
001NS00001c9KpcYAE,a0ANS000004TxAU2A0,Commercial,4/09/2024,,,,,,,,,,,,,
001NS00001c9KpCYAU,a0ANS000004TxAU2A0,Commercial,15/03/2024,,,,,,,,,,,,,
001NS00001c9KpdYAE,a0ANS000004TxAU2A0,Commercial,8/05/2024,,,,,,,,,,,,,
001NS00001c9KpDYAU,a0ANS000004TxAU2A0,Commercial,11/01/2024,,,,,,,,,,,,,
001NS00001c9KpeYAE,a0ANS000004TxAU2A0,Commercial,24/07/2024,,,,,,,,,,,,,
001NS00001c9KpEYAU,a0ANS000004TxAU2A0,Commercial,19/04/2024,,,,,,,,,,,,,
001NS00001c9KpfYAE,a0ANS000004TxAU2A0,Commercial,28/05/2024,,,,,,,,,,,,,
001NS00001c9KpFYAU,a0ANS000004TxAU2A0,Commercial,9/04/2024,,,,,,,,,,,,,
001NS00001c9KpgYAE,a0ANS000004TxAU2A0,Commercial,18/10/2024,,,,,,,,,,,,,
001NS00001c9KpGYAU,a0ANS000004TxAU2A0,Commercial,9/09/2024,,,,,,,,,,,,,
001NS00001c9KphYAE,a0ANS000004TxAU2A0,Commercial,26/12/2024,,,,,,,,,,,,,
001NS00001c9KpHYAU,a0ANS000004TxAU2A0,Commercial,25/05/2024,,,,,,,,,,,,,
001NS00001c9KpiYAE,a0ANS000004TxAU2A0,Commercial,12/09/2024,,,,,,,,,,,,,
001NS00001c9KpIYAU,a0ANS000004TxAU2A0,Commercial,28/10/2024,,,,,,,,,,,,,
001NS00001c9KpjYAE,a0ANS000004TxAU2A0,Commercial,17/04/2024,,,,,,,,,,,,,
001NS00001c9KpJYAU,a0ANS000004TxAU2A0,Commercial,24/09/2024,,,,,,,,,,,,,
001NS00001c9KpkYAE,a0ANS000004TxAU2A0,Commercial,10/06/2024,,,,,,,,,,,,,
001NS00001c9KpKYAU,a0ANS000004TxAU2A0,Commercial,19/01/2024,,,,,,,,,,,,,
001NS00001c9KplYAE,a0ANS000004TxAU2A0,Commercial,2/05/2024,,,,,,,,,,,,,
001NS00001c9KpLYAU,a0ANS000004TxAU2A0,Commercial,14/05/2024,,,,,,,,,,,,,
001NS00001c9KpmYAE,a0ANS000004TxAU2A0,Commercial,25/03/2024,,,,,,,,,,,,,
001NS00001c9KpMYAU,a0ANS000004TxAU2A0,Commercial,7/02/2024,,,,,,,,,,,,,
001NS00001c9KpnYAE,a0ANS000004TxAU2A0,Commercial,3/02/2024,,,,,,,,,,,,,
001NS00001c9KpNYAU,a0ANS000004TxAU2A0,Commercial,1/02/2024,,,,,,,,,,,,,
001NS00001c9KpoYAE,a0ANS000004TxAU2A0,Commercial,28/01/2024,,,,,,,,,,,,,
001NS00001c9KpOYAU,a0ANS000004TxAU2A0,Commercial,14/09/2024,,,,,,,,,,,,,
001NS00001c9KppYAE,a0ANS000004TxAU2A0,Commercial,4/10/2024,,,,,,,,,,,,,
001NS00001c9KpPYAU,a0ANS000004TxAU2A0,Commercial,7/12/2024,,,,,,,,,,,,,
001NS00001c9KpqYAE,a0ANS000004TxAU2A0,Commercial,4/03/2024,,,,,,,,,,,,,
001NS00001c9KpQYAU,a0ANS000004TxAU2A0,Commercial,9/02/2024,,,,,,,,,,,,,
001NS00001c9KprYAE,a0ANS000004TxAU2A0,Commercial,23/10/2024,,,,,,,,,,,,,
001NS00001c9KpRYAU,a0ANS000004TxAU2A0,Commercial,22/04/2024,,,,,,,,,,,,,
001NS00001c9KpsYAE,a0ANS000004TxAU2A0,Commercial,8/10/2024,,,,,,,,,,,,,
001NS00001c9KpSYAU,a0ANS000004TxAU2A0,Commercial,24/09/2024,,,,,,,,,,,,,
001NS00001c9KptYAE,a0ANS000004TxAU2A0,Commercial,23/04/2024,,,,,,,,,,,,,
001NS00001c9KpTYAU,a0ANS000004TxAU2A0,Commercial,7/12/2024,,,,,,,,,,,,,
001NS00001c9KpuYAE,a0ANS000004TxAU2A0,Commercial,11/03/2024,,,,,,,,,,,,,
001NS00001c9KpUYAU,a0ANS000004TxAU2A0,Commercial,4/03/2024,,,,,,,,,,,,,
001NS00001c9KpvYAE,a0ANS000004TxAU2A0,Commercial,8/04/2024,,,,,,,,,,,,,
001NS00001c9KpVYAU,a0ANS000004TxAU2A0,Commercial,20/01/2024,,,,,,,,,,,,,
001NS00001c9KpwYAE,a0ANS000004TxAU2A0,Commercial,28/04/2024,,,,,,,,,,,,,
001NS00001c9KpWYAU,a0ANS000004TxAU2A0,Commercial,28/12/2024,,,,,,,,,,,,,
001NS00001c9KpxYAE,a0ANS000004TxAU2A0,Commercial,13/02/2024,,,,,,,,,,,,,
001NS00001c9KpXYAU,a0ANS000004TxAU2A0,Commercial,19/01/2024,,,,,,,,,,,,,
001NS00001c9KpyYAE,a0ANS000004TxAU2A0,Commercial,8/08/2024,,,,,,,,,,,,,
001NS00001c9KpYYAU,a0ANS000004TxAU2A0,Commercial,8/11/2024,,,,,,,,,,,,,
001NS00001c9KpzYAE,a0ANS000004TxAU2A0,Commercial,15/06/2024,,,,,,,,,,,,,
001NS00001c9KpZYAU,a0ANS000004TxAU2A0,Commercial,28/04/2024,,,,,,,,,,,,,
001NS00001c9Kq0YAE,a0ANS000004TxAU2A0,Commercial,21/07/2024,,,,,,,,,,,,,
001NS00001c9Kq1YAE,a0ANS000004TxAU2A0,Commercial,9/01/2024,,,,,,,,,,,,,
001NS00001c9Kq2YAE,a0ANS000004TxAU2A0,Commercial,15/01/2024,,,,,,,,,,,,,
001NS00001c9Kq3YAE,a0ANS000004TxAU2A0,Commercial,26/09/2024,,,,,,,,,,,,,
001NS00001c9Kq4YAE,a0ANS000004TxAU2A0,Commercial,2/12/2024,,,,,,,,,,,,,
001NS00001c9Kq5YAE,a0ANS000004TxAU2A0,Commercial,19/10/2024,,,,,,,,,,,,,
001NS00001c9Kq6YAE,a0ANS000004TxAU2A0,Commercial,25/01/2024,,,,,,,,,,,,,
001NS00001c9Kq7YAE,a0ANS000004TxAU2A0,Commercial,27/06/2024,,,,,,,,,,,,,
001NS00001c9Kq8YAE,a0ANS000004TxAU2A0,Commercial,1/02/2024,,,,,,,,,,,,,
001NS00001c9Kq9YAE,a0ANS000004TxAU2A0,Commercial,27/07/2024,,,,,,,,,,,,,
001NS00001c9KqaYAE,a0ANS000004TxAU2A0,Commercial,15/09/2024,,,,,,,,,,,,,
001NS00001c9KqAYAU,a0ANS000004TxAU2A0,Commercial,18/10/2024,,,,,,,,,,,,,
001NS00001c9KqbYAE,a0ANS000004TxAU2A0,Commercial,18/10/2024,,,,,,,,,,,,,
001NS00001c9KqBYAU,a0ANS000004TxAU2A0,Commercial,8/07/2024,,,,,,,,,,,,,
001NS00001c9KqcYAE,a0ANS000004TxAU2A0,Commercial,4/09/2024,,,,,,,,,,,,,
001NS00001c9KqCYAU,a0ANS000004TxAU2A0,Commercial,7/12/2024,,,,,,,,,,,,,
001NS00001c9KqdYAE,a0ANS000004TxAU2A0,Commercial,26/12/2024,,,,,,,,,,,,,
001NS00001c9KqDYAU,a0ANS000004TxAU2A0,Commercial,2/12/2024,,,,,,,,,,,,,
001NS00001c9KqeYAE,a0ANS000004TxAU2A0,Commercial,28/01/2024,,,,,,,,,,,,,
001NS00001c9KqEYAU,a0ANS000004TxAU2A0,Commercial,17/03/2024,,,,,,,,,,,,,
001NS00001c9KqfYAE,a0ANS000004TxAU2A0,Commercial,24/09/2024,,,,,,,,,,,,,
001NS00001c9KqFYAU,a0ANS000004TxAU2A0,Commercial,8/11/2024,,,,,,,,,,,,,
001NS00001c9KqgYAE,a0ANS000004TxAU2A0,Commercial,2/05/2024,,,,,,,,,,,,,
001NS00001c9KqGYAU,a0ANS000004TxAU2A0,Commercial,4/07/2024,,,,,,,,,,,,,
001NS00001c9KqhYAE,a0ANS000004TxAU2A0,Commercial,19/10/2024,,,,,,,,,,,,,
001NS00001c9KqHYAU,a0ANS000004TxAU2A0,Commercial,10/08/2024,,,,,,,,,,,,,
001NS00001c9KqiYAE,a0ANS000004TxAU2A0,Commercial,20/09/2024,,,,,,,,,,,,,
001NS00001c9KqIYAU,a0ANS000004TxAU2A0,Commercial,21/12/2024,,,,,,,,,,,,,
001NS00001c9KqjYAE,a0ANS000004TxAU2A0,Commercial,6/05/2024,,,,,,,,,,,,,
001NS00001c9KqJYAU,a0ANS000004TxAU2A0,Commercial,16/09/2024,,,,,,,,,,,,,
001NS00001c9KqkYAE,a0ANS000004TxAU2A0,Commercial,25/07/2024,,,,,,,,,,,,,
001NS00001c9KqKYAU,a0ANS000004TxAU2A0,Commercial,26/03/2024,,,,,,,,,,,,,
001NS00001c9KqlYAE,a0ANS000004TxAU2A0,Commercial,26/01/2024,,,,,,,,,,,,,
001NS00001c9KqLYAU,a0ANS000004TxAU2A0,Commercial,27/12/2024,,,,,,,,,,,,,
001NS00001c9KqmYAE,a0ANS000004TxAU2A0,Commercial,20/06/2024,,,,,,,,,,,,,
001NS00001c9KqMYAU,a0ANS000004TxAU2A0,Commercial,6/09/2024,,,,,,,,,,,,,
001NS00001c9KqnYAE,a0ANS000004TxAU2A0,Commercial,14/09/2024,,,,,,,,,,,,,
001NS00001c9KqNYAU,a0ANS000004TxAU2A0,Commercial,1/11/2024,,,,,,,,,,,,,
001NS00001c9KqoYAE,a0ANS000004TxAU2A0,Commercial,16/09/2024,,,,,,,,,,,,,
001NS00001c9KqOYAU,a0ANS000004TxAU2A0,Commercial,8/08/2024,,,,,,,,,,,,,
001NS00001c9KqpYAE,a0ANS000004TxAU2A0,Commercial,2/10/2024,,,,,,,,,,,,,
001NS00001c9KqPYAU,a0ANS000004TxAU2A0,Commercial,23/10/2024,,,,,,,,,,,,,
001NS00001c9KqqYAE,a0ANS000004TxAU2A0,Commercial,17/04/2024,,,,,,,,,,,,,
001NS00001c9KqQYAU,a0ANS000004TxAU2A0,Commercial,5/01/2024,,,,,,,,,,,,,
001NS00001c9KqrYAE,a0ANS000004TxAU2A0,Commercial,8/08/2024,,,,,,,,,,,,,
001NS00001c9KqRYAU,a0ANS000004TxAU2A0,Commercial,11/09/2024,,,,,,,,,,,,,
001NS00001c9KqsYAE,a0ANS000004TxAU2A0,Commercial,11/02/2024,,,,,,,,,,,,,
001NS00001c9KqSYAU,a0ANS000004TxAU2A0,Commercial,20/07/2024,,,,,,,,,,,,,
001NS00001c9KqtYAE,a0ANS000004TxAU2A0,Commercial,15/05/2024,,,,,,,,,,,,,
001NS00001c9KqTYAU,a0ANS000004TxAU2A0,Commercial,26/11/2024,,,,,,,,,,,,,
001NS00001c9KquYAE,a0ANS000004TxAU2A0,Commercial,21/02/2024,,,,,,,,,,,,,
001NS00001c9KqUYAU,a0ANS000004TxAU2A0,Commercial,27/05/2024,,,,,,,,,,,,,
001NS00001c9KqvYAE,a0ANS000004TxAU2A0,Commercial,3/01/2024,,,,,,,,,,,,,
001NS00001c9KqVYAU,a0ANS000004TxAU2A0,Commercial,15/04/2024,,,,,,,,,,,,,
001NS00001c9KqwYAE,a0ANS000004TxAU2A0,Commercial,18/04/2024,,,,,,,,,,,,,
001NS00001c9KqWYAU,a0ANS000004TxAU2A0,Commercial,10/08/2024,,,,,,,,,,,,,
001NS00001c9KqxYAE,a0ANS000004TxAU2A0,Commercial,7/04/2024,,,,,,,,,,,,,
001NS00001c9KqXYAU,a0ANS000004TxAU2A0,Commercial,4/01/2024,,,,,,,,,,,,,
001NS00001c9KqyYAE,a0ANS000004TxAU2A0,Commercial,10/09/2024,,,,,,,,,,,,,
001NS00001c9KqYYAU,a0ANS000004TxAU2A0,Commercial,6/02/2024,,,,,,,,,,,,,
001NS00001c9KqzYAE,a0ANS000004TxAU2A0,Commercial,1/04/2024,,,,,,,,,,,,,
001NS00001c9KqZYAU,a0ANS000004TxAU2A0,Commercial,13/08/2024,,,,,,,,,,,,,
001NS00001c9Kr0YAE,a0ANS000004TxAU2A0,Commercial,22/03/2024,,,,,,,,,,,,,
001NS00001c9Kr1YAE,a0ANS000004TxAU2A0,Commercial,24/01/2024,,,,,,,,,,,,,
001NS00001c9Kr2YAE,a0ANS000004TxAU2A0,Commercial,10/02/2024,,,,,,,,,,,,,
001NS00001c9Kr3YAE,a0ANS000004TxAU2A0,Commercial,18/02/2024,,,,,,,,,,,,,
001NS00001c9Kr4YAE,a0ANS000004TxAU2A0,Commercial,22/07/2024,,,,,,,,,,,,,
001NS00001c9Kr5YAE,a0ANS000004TxAU2A0,Commercial,2/03/2024,,,,,,,,,,,,,
001NS00001c9Kr6YAE,a0ANS000004TxAU2A0,Commercial,12/05/2024,,,,,,,,,,,,,
001NS00001c9Kr7YAE,a0ANS000004TxAU2A0,Commercial,18/07/2024,,,,,,,,,,,,,
001NS00001c9Kr8YAE,a0ANS000004TxAU2A0,Commercial,24/01/2024,,,,,,,,,,,,,
001NS00001c9Kr9YAE,a0ANS000004TxAU2A0,Commercial,23/09/2024,,,,,,,,,,,,,
001NS00001c9KraYAE,a0ANS000004TxAU2A0,Commercial,5/04/2024,,,,,,,,,,,,,
001NS00001c9KrAYAU,a0ANS000004TxAU2A0,Commercial,12/12/2024,,,,,,,,,,,,,
001NS00001c9KrbYAE,a0ANS000004TxAU2A0,Commercial,21/10/2024,,,,,,,,,,,,,
001NS00001c9KrBYAU,a0ANS000004TxAU2A0,Commercial,12/04/2024,,,,,,,,,,,,,
001NS00001c9KrcYAE,a0ANS000004TxAU2A0,Commercial,26/12/2024,,,,,,,,,,,,,
001NS00001c9KrCYAU,a0ANS000004TxAU2A0,Commercial,17/02/2024,,,,,,,,,,,,,
001NS00001c9KrdYAE,a0ANS000004TxAU2A0,Commercial,11/03/2024,,,,,,,,,,,,,
001NS00001c9KrDYAU,a0ANS000004TxAU2A0,Commercial,15/09/2024,,,,,,,,,,,,,
001NS00001c9KreYAE,a0ANS000004TxAU2A0,Commercial,20/11/2024,,,,,,,,,,,,,
001NS00001c9KrEYAU,a0ANS000004TxAU2A0,Commercial,3/04/2024,,,,,,,,,,,,,
001NS00001c9KrfYAE,a0ANS000004TxAU2A0,Commercial,23/07/2024,,,,,,,,,,,,,
001NS00001c9KrFYAU,a0ANS000004TxAU2A0,Commercial,26/08/2024,,,,,,,,,,,,,
001NS00001c9KrgYAE,a0ANS000004TxAU2A0,Commercial,9/05/2024,,,,,,,,,,,,,
001NS00001c9KrGYAU,a0ANS000004TxAU2A0,Commercial,4/06/2024,,,,,,,,,,,,,
001NS00001c9KrhYAE,a0ANS000004TxAU2A0,Commercial,24/11/2024,,,,,,,,,,,,,
001NS00001c9KrHYAU,a0ANS000004TxAU2A0,Commercial,11/10/2024,,,,,,,,,,,,,
001NS00001c9KriYAE,a0ANS000004TxAU2A0,Commercial,18/09/2024,,,,,,,,,,,,,
001NS00001c9KrIYAU,a0ANS000004TxAU2A0,Commercial,13/08/2024,,,,,,,,,,,,,
001NS00001c9KrjYAE,a0ANS000004TxAU2A0,Commercial,11/01/2024,,,,,,,,,,,,,
001NS00001c9KrJYAU,a0ANS000004TxAU2A0,Commercial,26/05/2024,,,,,,,,,,,,,
001NS00001c9KrkYAE,a0ANS000004TxAU2A0,Commercial,9/12/2024,,,,,,,,,,,,,
001NS00001c9KrKYAU,a0ANS000004TxAU2A0,Commercial,4/10/2024,,,,,,,,,,,,,
001NS00001c9KrlYAE,a0ANS000004TxAU2A0,Commercial,8/03/2024,,,,,,,,,,,,,
001NS00001c9KrLYAU,a0ANS000004TxAU2A0,Commercial,27/01/2024,,,,,,,,,,,,,
001NS00001c9KrmYAE,a0ANS000004TxAU2A0,Commercial,15/07/2024,,,,,,,,,,,,,
001NS00001c9KrMYAU,a0ANS000004TxAU2A0,Commercial,4/06/2024,,,,,,,,,,,,,
001NS00001c9KrnYAE,a0ANS000004TxAU2A0,Commercial,18/09/2024,,,,,,,,,,,,,
001NS00001c9KrNYAU,a0ANS000004TxAU2A0,Commercial,26/11/2024,,,,,,,,,,,,,
001NS00001c9KroYAE,a0ANS000004TxAU2A0,Commercial,27/06/2024,,,,,,,,,,,,,
001NS00001c9KrOYAU,a0ANS000004TxAU2A0,Commercial,12/01/2024,,,,,,,,,,,,,
001NS00001c9KrPYAU,a0ANS000004TxAU2A0,Commercial,28/10/2024,,,,,,,,,,,,,
001NS00001c9KrQYAU,a0ANS000004TxAU2A0,Commercial,27/02/2024,,,,,,,,,,,,,
001NS00001c9KrRYAU,a0ANS000004TxAU2A0,Commercial,4/10/2024,,,,,,,,,,,,,
001NS00001c9KrSYAU,a0ANS000004TxAU2A0,Commercial,24/05/2024,,,,,,,,,,,,,
001NS00001c9KrTYAU,a0ANS000004TxAU2A0,Commercial,16/02/2024,,,,,,,,,,,,,
001NS00001c9KrUYAU,a0ANS000004TxAU2A0,Commercial,15/03/2024,,,,,,,,,,,,,
001NS00001c9KrVYAU,a0ANS000004TxAU2A0,Commercial,28/10/2024,,,,,,,,,,,,,
001NS00001c9KrWYAU,a0ANS000004TxAU2A0,Commercial,13/05/2024,,,,,,,,,,,,,
001NS00001c9KrXYAU,a0ANS000004TxAU2A0,Commercial,21/05/2024,,,,,,,,,,,,,
001NS00001c9KrYYAU,a0ANS000004TxAU2A0,Commercial,26/07/2024,,,,,,,,,,,,,
001NS00001c9KrZYAU,a0ANS000004TxAU2A0,Commercial,14/01/2024,,,,,,,,,,,,,
001NS00001uEHLFYA4,a0ANS000004TxAU2A0,Commercial,2/09/2024,,,,,,,,,,,,,
001NS00001uEHLGYA4,a0ANS000004TxAU2A0,Commercial,14/08/2024,,,,,,,,,,,,,
001NS00001uEHLhYAO,a0ANS000004TxAU2A0,Commercial,20/11/2024,,,,,,,,,,,,,
001NS00001uEHLiYAO,a0ANS000004TxAU2A0,Commercial,18/11/2024,,,,,,,,,,,,,
001NS00001uEHLmYAO,a0ANS000004TxAU2A0,Commercial,14/11/2024,,,,,,,,,,,,,
001NS00001uEHLNYA4,a0ANS000004TxAU2A0,Commercial,9/06/2024,,,,,,,,,,,,,
001NS00001uEHLOYA4,a0ANS000004TxAU2A0,Commercial,21/10/2024,,,,,,,,,,,,,
001NS00001uEHLuYAO,a0ANS000004TxAU2A0,Commercial,8/04/2024,,,,,,,,,,,,,
001NS00001uEHLvYAO,a0ANS000004TxAU2A0,Commercial,19/07/2024,,,,,,,,,,,,,
001NS00001uEHLwYAO,a0ANS000004TxAU2A0,Commercial,26/04/2024,,,,,,,,,,,,,
001NS00001uEHM2YAO,a0ANS000004TxAU2A0,Commercial,7/09/2024,,,,,,,,,,,,,
001NS00001uEHM5YAO,a0ANS000004TxAU2A0,Commercial,12/07/2024,,,,,,,,,,,,,
001NS00001uEHM6YAO,a0ANS000004TxAU2A0,Commercial,17/07/2024,,,,,,,,,,,,,
001NS00001uEHM8YAO,a0ANS000004TxAU2A0,Commercial,27/02/2024,,,,,,,,,,,,,
001NS00001uEHMCYA4,a0ANS000004TxAU2A0,Commercial,1/07/2024,,,,,,,,,,,,,
001NS00001uEHMcYAO,a0ANS000004TxAU2A0,Commercial,8/05/2024,,,,,,,,,,,,,
001NS00001uEHMLYA4,a0ANS000004TxAU2A0,Commercial,18/01/2024,,,,,,,,,,,,,
001NS00001uEHMNYA4,a0ANS000004TxAU2A0,Commercial,23/03/2024,,,,,,,,,,,,,
001NS00001uEHMTYA4,a0ANS000004TxAU2A0,Commercial,22/10/2024,,,,,,,,,,,,,
001NS00001uEHMZYA4,a0ANS000004TxAU2A0,Commercial,15/07/2024,,,,,,,,,,,,,
001NS00001uEHLYYA4,a0ANS000004TxAX2A0,EV Night Shift,27/12/2024,3/07/2025,,,,,,,,,,,,
001NS00001uEHLzYAO,a0ANS000004TxAX2A0,EV Night Shift,13/02/2024,,,,,,,,,,,,,
001NS00001uEHM0YAO,a0ANS000004TxAX2A0,EV Night Shift,24/05/2024,,,,,,,,,,,,,
001NS00001uEHM1YAO,a0ANS000004TxAX2A0,EV Night Shift,7/07/2024,,,,,,,,,,,,,
001NS00001uEHM3YAO,a0ANS000004TxAX2A0,EV Night Shift,28/04/2024,,,,,,,,,,,,,
001NS00001uEHM4YAO,a0ANS000004TxAX2A0,EV Night Shift,21/05/2024,,,,,,,,,,,,,
001NS00001uEHM7YAO,a0ANS000004TxAX2A0,EV Night Shift,20/02/2024,,,,,,,,,,,,,
001NS00001uEHM9YAO,a0ANS000004TxAX2A0,EV Night Shift,6/06/2024,,,,,,,,,,,,,
001NS00001uEHMAYA4,a0ANS000004TxAX2A0,EV Night Shift,9/09/2024,,,,,,,,,,,,,
001NS00001uEHMBYA4,a0ANS000004TxAX2A0,EV Night Shift,25/10/2024,,,,,,,,,,,,,
001NS00001uEHMDYA4,a0ANS000004TxAX2A0,EV Night Shift,6/07/2024,,,,,,,,,,,,,
001NS00001uEHMEYA4,a0ANS000004TxAX2A0,EV Night Shift,16/12/2024,,,,,,,,,,,,,
001NS00001uEHMFYA4,a0ANS000004TxAX2A0,EV Night Shift,8/08/2024,,,,,,,,,,,,,
001NS00001uEHMGYA4,a0ANS000004TxAX2A0,EV Night Shift,19/02/2024,,,,,,,,,,,,,
001NS00001uEHMHYA4,a0ANS000004TxAX2A0,EV Night Shift,21/12/2024,,,,,,,,,,,,,
001NS00001uEHMIYA4,a0ANS000004TxAX2A0,EV Night Shift,20/06/2024,,,,,,,,,,,,,
001NS00001uEHMJYA4,a0ANS000004TxAX2A0,EV Night Shift,6/03/2024,,,,,,,,,,,,,
001NS00001uEHMKYA4,a0ANS000004TxAX2A0,EV Night Shift,27/02/2024,,,,,,,,,,,,,
001NS00001uEHMlYAO,a0ANS000004TxAX2A0,EV Night Shift,3/07/2025,,,,,,,,,,,,,
001NS00001uEHMMYA4,a0ANS000004TxAX2A0,EV Night Shift,8/03/2024,,,,,,,,,,,,,
001NS00001uEHMOYA4,a0ANS000004TxAX2A0,EV Night Shift,4/12/2024,,,,,,,,,,,,,
001NS00001uEHMPYA4,a0ANS000004TxAX2A0,EV Night Shift,12/07/2024,,,,,,,,,,,,,
001NS00001uEHLaYAO,a0ANS000004TxAW2A0,Home Office Pro,27/05/2024,,,,,,,,,,,,,
001NS00001uEHLbYAO,a0ANS000004TxAW2A0,Home Office Pro,9/08/2024,,,,,,,,,,,,,
001NS00001uEHLcYAO,a0ANS000004TxAW2A0,Home Office Pro,2/11/2024,,,,,,,,,,,,,
001NS00001uEHLdYAO,a0ANS000004TxAW2A0,Home Office Pro,20/08/2024,,,,,,,,,,,,,
001NS00001uEHLeYAO,a0ANS000004TxAW2A0,Home Office Pro,1/12/2024,,,,,,,,,,,,,
001NS00001uEHLfYAO,a0ANS000004TxAW2A0,Home Office Pro,18/10/2024,,,,,,,,,,,,,
001NS00001uEHLgYAO,a0ANS000004TxAW2A0,Home Office Pro,22/11/2024,,,,,,,,,,,,,
001NS00001uEHLjYAO,a0ANS000004TxAW2A0,Home Office Pro,18/10/2024,,,,,,,,,,,,,
001NS00001uEHLkYAO,a0ANS000004TxAW2A0,Home Office Pro,23/12/2024,,,,,,,,,,,,,
001NS00001uEHLlYAO,a0ANS000004TxAW2A0,Home Office Pro,4/01/2024,,,,,,,,,,,,,
001NS00001uEHLnYAO,a0ANS000004TxAW2A0,Home Office Pro,25/11/2024,,,,,,,,,,,,,
001NS00001uEHLoYAO,a0ANS000004TxAW2A0,Home Office Pro,6/04/2024,,,,,,,,,,,,,
001NS00001uEHLpYAO,a0ANS000004TxAW2A0,Home Office Pro,5/01/2024,,,,,,,,,,,,,
001NS00001uEHLqYAO,a0ANS000004TxAW2A0,Home Office Pro,19/09/2024,,,,,,,,,,,,,
001NS00001uEHLrYAO,a0ANS000004TxAW2A0,Home Office Pro,9/03/2024,,,,,,,,,,,,,
001NS00001uEHLsYAO,a0ANS000004TxAW2A0,Home Office Pro,21/06/2024,,,,,,,,,,,,,
001NS00001uEHLtYAO,a0ANS000004TxAW2A0,Home Office Pro,23/04/2024,,,,,,,,,,,,,
001NS00001uEHLxYAO,a0ANS000004TxAW2A0,Home Office Pro,6/04/2024,,,,,,,,,,,,,
001NS00001uEHLYYA4,a0ANS000004TxAW2A0,Home Office Pro,6/04/2024,,,,,,,,,,,,,
001NS00001uEHLyYAO,a0ANS000004TxAW2A0,Home Office Pro,3/09/2024,,,,,,,,,,,,,
001NS00001uEHLZYA4,a0ANS000004TxAW2A0,Home Office Pro,22/04/2024,,,,,,,,,,,,,
001NS00001uEHLBYA4,a0ANS000004TxAV2A0,Low User,22/03/2024,,,,,,,,,,,,,
001NS00001uEHLCYA4,a0ANS000004TxAV2A0,Low User,15/12/2024,,,,,,,,,,,,,
001NS00001uEHLDYA4,a0ANS000004TxAV2A0,Low User,21/04/2024,,,,,,,,,,,,,
001NS00001uEHLEYA4,a0ANS000004TxAV2A0,Low User,3/03/2024,,,,,,,,,,,,,
001NS00001uEHLHYA4,a0ANS000004TxAV2A0,Low User,13/09/2024,,,,,,,,,,,,,
001NS00001uEHLIYA4,a0ANS000004TxAV2A0,Low User,16/09/2024,,,,,,,,,,,,,
001NS00001uEHLJYA4,a0ANS000004TxAV2A0,Low User,20/01/2024,,,,,,,,,,,,,
001NS00001uEHLKYA4,a0ANS000004TxAV2A0,Low User,21/07/2024,,,,,,,,,,,,,
001NS00001uEHLLYA4,a0ANS000004TxAV2A0,Low User,26/04/2024,,,,,,,,,,,,,
001NS00001uEHLMYA4,a0ANS000004TxAV2A0,Low User,9/03/2024,,,,,,,,,,,,,
001NS00001uEHLPYA4,a0ANS000004TxAV2A0,Low User,1/02/2024,,,,,,,,,,,,,
001NS00001uEHLQYA4,a0ANS000004TxAV2A0,Low User,17/09/2024,,,,,,,,,,,,,
001NS00001uEHLRYA4,a0ANS000004TxAV2A0,Low User,12/10/2024,,,,,,,,,,,,,
001NS00001uEHLSYA4,a0ANS000004TxAV2A0,Low User,27/10/2024,,,,,,,,,,,,,
001NS00001uEHLTYA4,a0ANS000004TxAV2A0,Low User,14/11/2024,,,,,,,,,,,,,
001NS00001uEHLUYA4,a0ANS000004TxAV2A0,Low User,11/09/2024,,,,,,,,,,,,,
001NS00001uEHLVYA4,a0ANS000004TxAV2A0,Low User,22/02/2024,,,,,,,,,,,,,
001NS00001uEHLWYA4,a0ANS000004TxAV2A0,Low User,25/12/2024,,,,,,,,,,,,,
001NS00001uEHLXYA4,a0ANS000004TxAV2A0,Low User,25/12/2024,,,,,,,,,,,,,
001NS00001c9KifYAE,a0ANS000004TxAT2A0,Prepay,18/09/2024,,,,,,,,,,,,,
001NS00001c9KigYAE,a0ANS000004TxAT2A0,Prepay,26/12/2024,,,,,,,,,,,,,
001NS00001c9KihYAE,a0ANS000004TxAT2A0,Prepay,15/08/2024,,,,,,,,,,,,,
001NS00001uEHMmYAO,a0ANS000004TxAT2A0,Prepay,9/08/2024,,,,,,,,,,,,,
001NS00001uEHMaYAO,a0ANS000004TxAY2A0,Standard User,20/04/2024,,,,,,,,,,,,,
001NS00001uEHMbYAO,a0ANS000004TxAY2A0,Standard User,20/04/2024,,,,,,,,,,,,,
001NS00001uEHMdYAO,a0ANS000004TxAY2A0,Standard User,26/01/2024,,,,,,,,,,,,,
001NS00001uEHMeYAO,a0ANS000004TxAY2A0,Standard User,15/05/2024,,,,,,,,,,,,,
001NS00001uEHMfYAO,a0ANS000004TxAY2A0,Standard User,12/09/2024,,,,,,,,,,,,,
001NS00001uEHMgYAO,a0ANS000004TxAY2A0,Standard User,15/01/2024,,,,,,,,,,,,,
001NS00001uEHMhYAO,a0ANS000004TxAY2A0,Standard User,28/06/2024,,,,,,,,,,,,,
001NS00001uEHMiYAO,a0ANS000004TxAY2A0,Standard User,12/06/2024,,,,,,,,,,,,,
001NS00001uEHMjYAO,a0ANS000004TxAY2A0,Standard User,19/03/2024,,,,,,,,,,,,,
001NS00001uEHMkYAO,a0ANS000004TxAY2A0,Standard User,26/03/2024,,,,,,,,,,,,,
001NS00001uEHMlYAO,a0ANS000004TxAY2A0,Standard User,2/07/2024,2/07/2025,,,,,,,,,,,,
001NS00001uEHMQYA4,a0ANS000004TxAY2A0,Standard User,3/08/2024,,,,,,,,,,,,,
001NS00001uEHMRYA4,a0ANS000004TxAY2A0,Standard User,14/05/2024,,,,,,,,,,,,,
001NS00001uEHMSYA4,a0ANS000004TxAY2A0,Standard User,12/02/2024,,,,,,,,,,,,,201005
001NS00001uEHMUYA4,a0ANS000004TxAY2A0,Standard User,18/02/2024,,,,,,,,,,,,,
001NS00001uEHMVYA4,a0ANS000004TxAY2A0,Standard User,26/07/2024,,,,,,,,,,,,,
001NS00001uEHMWYA4,a0ANS000004TxAY2A0,Standard User,25/01/2024,,,,,,,,,,,,,
001NS00001uEHMXYA4,a0ANS000004TxAY2A0,Standard User,5/02/2024,,,,,,,,,,,,,
001NS00001uEHMYYA4,a0ANS000004TxAY2A0,Standard User,23/07/2024,,,,,,,,,,,,,
